{"H": {"1,0": {"a": [3.425250914, 0.6239137298, 0.168855404], "c": [0.1543289673, 0.5353281423, 0.4446345422]}
},
 "He": {"1,0": {"a": [6.362421394, 1.158922999, 0.3136497915], "c": [0.1543289673, 0.5353281423, 0.4446345422]}
},
 "Li": {"1,0": {"a": [16.11957475, 2.936200663, 0.794650487], "c": [0.1543289673, 0.5353281423, 0.4446345422]},
 "2,0": {"a": [0.6362897469, 0.1478600533, 0.0480886784], "c": [-0.09996722919, 0.3995128261, 0.7001154689]},
 "2,1": {"a": [0.6362897469, 0.1478600533, 0.0480886784], "c": [0.155916275, 0.6076837186, 0.3919573931]}
},
 "Be": {"1,0": {"a": [30.16787069, 5.495115306, 1.487192653], "c": [0.1543289673, 0.5353281423, 0.4446345422]},
 "2,0": {"a": [1.31483311, 0.3055389383, 0.0993707456], "c": [-0.09996722919, 0.3995128261, 0.7001154689]},
 "2,1": {"a": [1.31483311, 0.3055389383, 0.0993707456], "c": [0.155916275, 0.6076837186, 0.3919573931]}
},
 "B": {"1,0": {"a": [48.79111318, 8.887362172, 2.40526704], "c": [0.1543289673, 0.5353281423, 0.4446345422]},
 "2,0": {"a": [2.236956142, 0.5198204999, 0.16906176], "c": [-0.09996722919, 0.3995128261, 0.7001154689]},
 "2,1": {"a": [2.236956142, 0.5198204999, 0.16906176], "c": [0.155916275, 0.6076837186, 0.3919573931]}
},
 "C": {"1,0": {"a": [71.61683735, 13.04509632, 3.53051216], "c": [0.1543289673, 0.5353281423, 0.4446345422]},
 "2,0": {"a": [2.941249355, 0.6834830964, 0.2222899159], "c": [-0.09996722919, 0.3995128261, 0.7001154689]},
 "2,1": {"a": [2.941249355, 0.6834830964, 0.2222899159], "c": [0.155916275, 0.6076837186, 0.3919573931]}
},
 "N": {"1,0": {"a": [99.10616896, 18.05231239, 4.885660238], "c": [0.1543289673, 0.5353281423, 0.4446345422]},
 "2,0": {"a": [3.780455879, 0.8784966449, 0.2857143744], "c": [-0.09996722919, 0.3995128261, 0.7001154689]},
 "2,1": {"a": [3.780455879, 0.8784966449, 0.2857143744], "c": [0.155916275, 0.6076837186, 0.3919573931]}
},
 "O": {"1,0": {"a": [130.7093214, 23.80886605, 6.443608313], "c": [0.1543289673, 0.5353281423, 0.4446345422]},
 "2,0": {"a": [5.033151319, 1.169596125, 0.38038896], "c": [-0.09996722919, 0.3995128261, 0.7001154689]},
 "2,1": {"a": [5.033151319, 1.169596125, 0.38038896], "c": [0.155916275, 0.6076837186, 0.3919573931]}
},
 "F": {"1,0": {"a": [166.679134, 30.36081233, 8.216820672], "c": [0.1543289673, 0.5353281423, 0.4446345422]},
 "2,0": {"a": [6.464803249, 1.502281245, 0.4885884864], "c": [-0.09996722919, 0.3995128261, 0.7001154689]},
 "2,1": {"a": [6.464803249, 1.502281245, 0.4885884864], "c": [0.155916275, 0.6076837186, 0.3919573931]}
},
 "Ne": {"1,0": {"a": [207.015607, 37.70815124, 10.20529731], "c": [0.1543289673, 0.5353281423, 0.4446345422]},
 "2,0": {"a": [8.24631512, 1.916266291, 0.6232292721], "c": [-0.09996722919, 0.3995128261, 0.7001154689]},
 "2,1": {"a": [8.24631512, 1.916266291, 0.6232292721], "c": [0.155916275, 0.6076837186, 0.3919573931]}
},
 "Na": {"1,0": {"a": [250.77243, 45.67851117, 12.36238776], "c": [0.1543289673, 0.5353281423, 0.4446345422]},
 "2,0": {"a": [12.04019274, 2.797881859, 0.909958017], "c": [-0.09996722919, 0.3995128261, 0.7001154689]},
 "2,1": {"a": [12.04019274, 2.797881859, 0.909958017], "c": [0.155916275, 0.6076837186, 0.3919573931]},
 "3,0": {"a": [1.478740622, 0.4125648801, 0.1614750979], "c": [-0.219620369, 0.2255954336, 0.900398426]},
 "3,1": {"a": [1.478740622, 0.4125648801, 0.1614750979], "c": [0.01058760429, 0.5951670053, 0.462001012]}
},
 "Mg": {"1,0": {"a": [299.2374137, 54.50646845, 14.75157752], "c": [0.1543289673, 0.5353281423, 0.4446345422]},
 "2,0": {"a": [15.12182352, 3.513986579, 1.142857498], "c": [-0.09996722919, 0.3995128261, 0.7001154689]},
 "2,1": {"a": [15.12182352, 3.513986579, 1.142857498], "c": [0.155916275, 0.6076837186, 0.3919573931]},
 "3,0": {"a": [1.395448293, 0.3893265318, 0.1523797659], "c": [-0.219620369, 0.2255954336, 0.900398426]},
 "3,1": {"a": [1.395448293, 0.3893265318, 0.1523797659], "c": [0.01058760429, 0.5951670053, 0.462001012]}
},
 "Al": {"1,0": {"a": [351.4214767, 64.01186067, 17.32410761], "c": [0.1543289673, 0.5353281423, 0.4446345422]},
 "2,0": {"a": [18.89939621, 4.391813233, 1.42835397], "c": [-0.09996722919, 0.3995128261, 0.7001154689]},
 "2,1": {"a": [18.89939621, 4.391813233, 1.42835397], "c": [0.155916275, 0.6076837186, 0.3919573931]},
 "3,0": {"a": [1.395448293, 0.3893265318, 0.1523797659], "c": [-0.219620369, 0.2255954336, 0.900398426]},
 "3,1": {"a": [1.395448293, 0.3893265318, 0.1523797659], "c": [0.01058760429, 0.5951670053, 0.462001012]}
},
 "Si": {"1,0": {"a": [407.7975514, 74.28083305, 20.10329229], "c": [0.1543289673, 0.5353281423, 0.4446345422]},
 "2,0": {"a": [23.19365606, 5.389706871, 1.752899952], "c": [-0.09996722919, 0.3995128261, 0.7001154689]},
 "2,1": {"a": [23.19365606, 5.389706871, 1.752899952], "c": [0.155916275, 0.6076837186, 0.3919573931]},
 "3,0": {"a": [1.478740622, 0.4125648801, 0.1614750979], "c": [-0.219620369, 0.2255954336, 0.900398426]},
 "3,1": {"a": [1.478740622, 0.4125648801, 0.1614750979], "c": [0.01058760429, 0.5951670053, 0.462001012]}
},
 "P": {"1,0": {"a": [468.3656378, 85.31338559, 23.08913156], "c": [0.1543289673, 0.5353281423, 0.4446345422]},
 "2,0": {"a": [28.03263958, 6.514182577, 2.118614352], "c": [-0.09996722919, 0.3995128261, 0.7001154689]},
 "2,1": {"a": [28.03263958, 6.514182577, 2.118614352], "c": [0.155916275, 0.6076837186, 0.3919573931]},
 "3,0": {"a": [1.743103231, 0.4863213771, 0.1903428909], "c": [-0.219620369, 0.2255954336, 0.900398426]},
 "3,1": {"a": [1.743103231, 0.4863213771, 0.1903428909], "c": [0.01058760429, 0.5951670053, 0.462001012]}
},
 "S": {"1,0": {"a": [533.1257359, 97.1095183, 26.28162542], "c": [0.1543289673, 0.5353281423, 0.4446345422]},
 "2,0": {"a": [33.32975173, 7.745117521, 2.518952599], "c": [-0.09996722919, 0.3995128261, 0.7001154689]},
 "2,1": {"a": [33.32975173, 7.745117521, 2.518952599], "c": [0.155916275, 0.6076837186, 0.3919573931]},
 "3,0": {"a": [2.029194274, 0.5661400518, 0.2215833792], "c": [-0.219620369, 0.2255954336, 0.900398426]},
 "3,1": {"a": [2.029194274, 0.5661400518, 0.2215833792], "c": [0.01058760429, 0.5951670053, 0.462001012]}
},
 "Cl": {"1,0": {"a": [601.3456136, 109.5358542, 29.64467686], "c": [0.1543289673, 0.5353281423, 0.4446345422]},
 "2,0": {"a": [38.96041889, 9.053563477, 2.944499834], "c": [-0.09996722919, 0.3995128261, 0.7001154689]},
 "2,1": {"a": [38.96041889, 9.053563477, 2.944499834], "c": [0.155916275, 0.6076837186, 0.3919573931]},
 "3,0": {"a": [2.129386495, 0.5940934274, 0.232524141], "c": [-0.219620369, 0.2255954336, 0.900398426]},
 "3,1": {"a": [2.129386495, 0.5940934274, 0.232524141], "c": [0.01058760429, 0.5951670053, 0.462001012]}
},
 "Ar": {"1,0": {"a": [674.4465184, 122.8512753, 33.24834945], "c": [0.1543289673, 0.5353281423, 0.4446345422]},
 "2,0": {"a": [45.16424392, 10.495199, 3.413364448], "c": [-0.09996722919, 0.3995128261, 0.7001154689]},
 "2,1": {"a": [45.16424392, 10.495199, 3.413364448], "c": [0.155916275, 0.6076837186, 0.3919573931]},
 "3,0": {"a": [2.621366518, 0.731354605, 0.2862472356], "c": [-0.219620369, 0.2255954336, 0.900398426]},
 "3,1": {"a": [2.621366518, 0.731354605, 0.2862472356], "c": [0.01058760429, 0.5951670053, 0.462001012]}
},
 "K": {"1,0": {"a": [771.5103681, 140.5315766, 38.03332899], "c": [0.1543289673, 0.5353281423, 0.4446345422]},
 "2,0": {"a": [52.40203979, 12.1771071, 3.960373165], "c": [-0.09996722919, 0.3995128261, 0.7001154689]},
 "2,1": {"a": [52.40203979, 12.1771071, 3.960373165], "c": [0.155916275, 0.6076837186, 0.3919573931]},
 "3,0": {"a": [3.651583985, 1.018782663, 0.3987446295], "c": [-0.219620369, 0.2255954336, 0.900398426]},
 "3,1": {"a": [3.651583985, 1.018782663, 0.3987446295], "c": [0.01058760429, 0.5951670053, 0.462001012]},
 "3,2": {"a": [0.5039822505, 0.1860011465, 0.08214006743], "c": [-0.3088441214, 0.01960641165, 1.131034442]},
 "4,0": {"a": [0.5039822505, 0.1860011465, 0.08214006743], "c": [-0.12154686, 0.5715227604, 0.5498949471]}
}
}
